"Path","SHA256"
"Source\RTS.Target.cs","67A9859BFB532C82937F141717F2FE18FAA169E19762446001AF1DF6B0C962C1"
"Source\RTSEditor.Target.cs","94EA302AEDB0D1FCFDA5AFAFC40F4F65EDCB30043E39DE1223B39AD0BA28A73A"
"Source\RTS\RTS.Build.cs","D376CBC277F595A31D0869C15F7C4EFB44FA2E7CED3B229AA59B193D706D00E6"
"Source\RTS\RTS.cpp","164031F2FA21D1852E0B91AA463F2D6D6E9DB7E967E330A04C5C4718763EBC9A"
"Source\RTS\RTS.h","7BB152160B017979AF942FB1736AE64C799409AF6E1BAC3EB1FFB9A936009358"
"Source\RTS\RTSCharacter.cpp","7A6BEDA368D0A2EA6B18B7E148C19544F01D978CFFFDC7D3FD520F0539125890"
"Source\RTS\RTSCharacter.h","88DC0F199990C752FBFA3031BF12A7D898F616025AF7C5B64FB9731A8D34A59D"
"Source\RTS\RTSGameMode.cpp","5B7B8A27B525118FDDB7845C2D3C9F89EECCF5266035E6883392ED2C8D2AB9FD"
"Source\RTS\RTSGameMode.h","A80F7BDD9ECF9CD7BB4ED6B77112BD4D17F4AD44934053984ECF8FED190B4CCC"
"Source\RTS\RTSPlayerController.cpp","B79855D0870D131B2DACAC5ADF3C0D9E003B963AA20C4F3B237A9942BD22BDAF"
"Source\RTS\RTSPlayerController.h","7D6F1431C3C0626E7D314DF891CE10579E31E6F8BDF22DCDAC5F42CBD05BB90F"
"Source\RTS\Variant_Strategy\EnvQueryContext_MoveGoal.cpp","7FE7C24DEAF36BD892B70B64FED63D9E6C52927C1F377D4A9BD222455AA42A6C"
"Source\RTS\Variant_Strategy\EnvQueryContext_MoveGoal.h","770B0FED3AC0005348B100247127196B4044D0B0D58519AF3B304C7614319F8B"
"Source\RTS\Variant_Strategy\StrategyArtStyle.cpp","7208AE77BDBDBBC67B238880F4751E65B085041249F531BE06E431A2D42F0FDF"
"Source\RTS\Variant_Strategy\StrategyArtStyle.h","F7C1E23BEC3586AF90342FA0899FDBEF38F2BF6A51FC180295A982DD58870036"
"Source\RTS\Variant_Strategy\StrategyGameMode.cpp","63C9224827EDFF35BD957D674993375FDA2BA27CEFF296B874DADEC3C3E39149"
"Source\RTS\Variant_Strategy\StrategyGameMode.h","4EDAE992F8D930AD0D052C7BE0C8719FA1CF286E81837400E1861C8563D79711"
"Source\RTS\Variant_Strategy\StrategyGameState.cpp","768CEDEE5E417541AAAE5B919F653278DB9FA8809625553766DCAA7E77D2D6B0"
"Source\RTS\Variant_Strategy\StrategyGameState.h","2727BBBFD9DC8C25140169CF8682E88BB0CB58C901FAA2D66EDC12F6FCC8DCDE"
"Source\RTS\Variant_Strategy\StrategyPawn.cpp","7AC8D210E3AC3B8E7FDA37357E8B914CD41DB4E889A80F89B93F8626734CCF43"
"Source\RTS\Variant_Strategy\StrategyPawn.h","DBD55E02E6ACF714C5E1CBDA681A4D648B9036A3AFEAE4662538E95505508F34"
"Source\RTS\Variant_Strategy\StrategyPlayerController.cpp","C7FC870557969537BB4EDAC9A9B8DBC10AA6FF8985B8D205BD937683977140ED"
"Source\RTS\Variant_Strategy\StrategyPlayerController.h","B132DCC3A1DAF34AFDB66F1A67C4F445F9B7608EC537BBDC405179C159A48276"
"Source\RTS\Variant_Strategy\StrategyRules.cpp","7540B4D202C0F7166A93505F12B39561A90AFEC76D6B7F84327224F5157E86C9"
"Source\RTS\Variant_Strategy\StrategyRules.h","5914742A4C10F4EDC890EB1A55FD231BCB4E0470A190E0EE2973692DF0745361"
"Source\RTS\Variant_Strategy\StrategySystems.cpp","996A4D03BBC49CAD5F10ADC3A38D23C3C12E5CA7B3CB4508A5120A5F1D9AC0AC"
"Source\RTS\Variant_Strategy\StrategySystems.h","9C1E934FCA5B2D88968C76FB1486DAE7142371F86C9C95614D55B27564573ADE"
"Source\RTS\Variant_Strategy\StrategyTypes.h","9BD6A7FEBBF359CAEAFDFB93F583C64D3EACE4EAFEF10B85C4B3FA0C1A06F5C4"
"Source\RTS\Variant_Strategy\StrategyUnit.cpp","70FCBF72B0A6B6BA6BF19BE31A5ACFC675D608D1A6D34165BCDCC1583A9E65B1"
"Source\RTS\Variant_Strategy\StrategyUnit.h","9494F4D9F8B72F7266520396F873D36477231C206613AC237168A9DC2B9B1FB6"
"Source\RTS\Variant_Strategy\StrategyWorldActors.cpp","653D4F85A6381A27A4EC3EC34D7A763FE6A822E4BC6FC71F6A81E949F8EC81D6"
"Source\RTS\Variant_Strategy\StrategyWorldActors.h","295F920BF8468902046734EDE43E518A8B2203CA07BAE983C31D55AD55E1B979"
"Source\RTS\Variant_Strategy\Tests\StrategyRulesTests.cpp","1548D220BCC690E24E6FE54F9AB1FB931E49B23AF529A316DABA64B974ACB968"
"Source\RTS\Variant_Strategy\Tests\StrategySystemsTests.cpp","F9C0FCDBB7ADA43BD57755633C6DF154B59183B5FA2AC8FF2A2D8AF9481FFEAE"
"Source\RTS\Variant_Strategy\UI\StrategyHUD.cpp","974D4E43ECE368BF89976BED81AE9078DC0D7720E6BC72DF92E88DEAD6B91FB3"
"Source\RTS\Variant_Strategy\UI\StrategyHUD.h","8599790B04A81B168812C0FE3F215F6E610C652454D7157CD51F11444206B9D8"
"Source\RTS\Variant_Strategy\UI\StrategyTouchControls.cpp","DF578A0CE812D4134D3D9D2AA2D2C237E8F7C10A31E79F9AAF413E0921EA11CC"
"Source\RTS\Variant_Strategy\UI\StrategyTouchControls.h","680847D108608170CDC5B8823138BACF99ED1C84852D0C805B3E7B0F39652203"
"Source\RTS\Variant_Strategy\UI\StrategyUI.cpp","2E14134E418FF3667A91BE0BD39AE3AE5D403F0B10B318EEFB3D5F871604AC4E"
"Source\RTS\Variant_Strategy\UI\StrategyUI.h","3D0757DF10F69AB62C08598267D29E06890F19107A0EBA69384CD40F3AD3FBA1"
"Source\RTS\Variant_TwinStick\TwinStickCharacter.cpp","3964C82295B2325F35C68ADB3C94EACAAB3105B02C2A92F7F09047EC36BD399C"
"Source\RTS\Variant_TwinStick\TwinStickCharacter.h","9575B4AC41BBC16B5B6720FBD25BD4F0C02CC354FF45472536AC39930E2FA248"
"Source\RTS\Variant_TwinStick\TwinStickGameMode.cpp","8949DEBF1C1D43A6D6049F363E3C4D2D7B938FF352D02ED4F24C922497A8382D"
"Source\RTS\Variant_TwinStick\TwinStickGameMode.h","6E58327674B6FAE0CF368D4E824ABB1DCF3878ED0FCF351BA0ED3C069F82CBF5"
"Source\RTS\Variant_TwinStick\TwinStickPlayerController.cpp","3580C94FF282F36E3D5CA01B3FC19362B06DF0D91A659476C087AC6B1A1F5F74"
"Source\RTS\Variant_TwinStick\TwinStickPlayerController.h","3ACC5054709FB6A0BB91D6C025A2C36206B118101227EDBD5074FC4B706C174C"
"Source\RTS\Variant_TwinStick\AI\TwinStickAIController.cpp","C69E3D326835BBDC4B03481805FA1D777C0025734B6EAD303FD1D96CE5F06885"
"Source\RTS\Variant_TwinStick\AI\TwinStickAIController.h","B509CB1B95840B9FEE1F61D611717452DEF00AB2367687AAA96C642BEDA609A7"
"Source\RTS\Variant_TwinStick\AI\TwinStickNPC.cpp","FE089063C98B934483A6B3B72111904B4D480FB654FC9EC555A6C029EF3F72BE"
"Source\RTS\Variant_TwinStick\AI\TwinStickNPC.h","04B60B4ADBAA24DB61F664F4C4BAD41FEE10ED9B6EB3598AACD7145CC66F58B5"
"Source\RTS\Variant_TwinStick\AI\TwinStickNPCDestruction.cpp","C48B8D0BD813FE1046E650258E290C00C107CF5ECB2FB764191F90CAC5F6628C"
"Source\RTS\Variant_TwinStick\AI\TwinStickNPCDestruction.h","B11E5D37A7480BDE8D88A4A0302AAD94A1C86ACFAD309C904B1053A19D1EF6F4"
"Source\RTS\Variant_TwinStick\AI\TwinStickSpawner.cpp","50DF6C637C0F36D20159251802FB7879C7889C092CE4B84F0A91A92C76B8EA75"
"Source\RTS\Variant_TwinStick\AI\TwinStickSpawner.h","8C45FA082C0FE15760F449DAFDD6BD52EAEF13EFFB939BFF16E64298048E0F41"
"Source\RTS\Variant_TwinStick\AI\TwinStickStateTreeUtility.cpp","393D9C76FBE3FE0D7F5C4CDA211C20BB91A34228FE66F8B885EB11EFB6560BBD"
"Source\RTS\Variant_TwinStick\AI\TwinStickStateTreeUtility.h","E1654D76B31E338730FFD044B75C4E2B0699D9318A811E1E3583104DDF329269"
"Source\RTS\Variant_TwinStick\Gameplay\TwinStickAoEAttack.cpp","EA5CDAD973AB0F20C28791F996187E6590ABE1AF9FA6EC1A6CF91348C8B812FE"
"Source\RTS\Variant_TwinStick\Gameplay\TwinStickAoEAttack.h","6F09D574CDE582D56F20EF2CF9843844AA6AD8D44AC84E8AD15F0D914BFE4484"
"Source\RTS\Variant_TwinStick\Gameplay\TwinStickPickup.cpp","474D2A5EE1554D1D292E467513D7CCA947304780FFE855A7667609DB5156A884"
"Source\RTS\Variant_TwinStick\Gameplay\TwinStickPickup.h","16C6B735A215729BC89547C10D432EC8CA91F9CB8082A94824142E7E9670EAAF"
"Source\RTS\Variant_TwinStick\Gameplay\TwinStickProjectile.cpp","3E314D6863D0A72B0F1AC404759EF4E15E891916CF0A9550361831E83DCDD347"
"Source\RTS\Variant_TwinStick\Gameplay\TwinStickProjectile.h","5CE6C6495845A4467CA4BDDBCD1074C08BF2E33C2741EB382E22CCA175C503F5"
"Source\RTS\Variant_TwinStick\UI\TwinStickUI.cpp","D85A6DD8AB72B3913DDE3B665FA0078E95E56E25BE3C3AD837ECC5DC3A46DFA9"
"Source\RTS\Variant_TwinStick\UI\TwinStickUI.h","D88558C4F985A3531A5F185FC37A1E7A7C299DB159224A9F9D645FDDF620D19D"
