"Frame","FrameTimeMs","UnitCount"
"0","4404.332","0"
"1","31.4759","8"
"2","224.0367","8"
"3","209.7217","8"
"4","51.6861","8"
"5","23.3093","8"
"6","18.1263","8"
"7","11.4865","8"
"8","13.9846","8"
"9","13.542","8"
"10","12.2096","8"
"11","9.9233","8"
"12","14.9803","8"
"13","17.874","8"
"14","14.9494","8"
"15","10.3457","8"
"16","12.2303","8"
"17","12.2315","8"
"18","11.5512","8"
"19","12.8253","8"
"20","10.6579","8"
"21","11.9399","8"
"22","11.0909","8"
"23","10.4283","8"
"24","9.4684","8"
"25","11.0512","8"
"26","7.8699","8"
"27","10.8051","8"
"28","9.4412","8"
"29","13.3948","8"
"30","11.2844","8"
"31","9.249","8"
"32","10.7053","8"
"33","9.9798","8"
"34","9.975","8"
"35","10.7802","8"
"36","8.2333","8"
"37","11.1051","8"
"38","9.2992","8"
"39","9.9834","8"
"40","11.5417","8"
"41","12.1233","8"
"42","32.5299","8"
"43","10.0803","8"
"44","9.5541","8"
"45","9.1854","8"
"46","9.812","8"
"47","9.7784","8"
"48","11.5625","8"
"49","8.5628","8"
"50","9.4318","8"
"51","9.3166","8"
"52","11.2265","8"
"53","10.3559","8"
"54","9.0355","8"
"55","10.1886","8"
"56","10.2227","8"
"57","9.039","8"
"58","9.4729","8"
"59","9.407","8"
"60","10.1705","8"
"61","9.2641","8"
"62","8.9228","8"
"63","10.6905","8"
"64","7.958","8"
"65","10.3124","8"
"66","10.1069","8"
"67","11.2283","8"
"68","8.8374","8"
"69","10.8168","8"
"70","9.7479","8"
"71","9.9681","8"
"72","11.1051","8"
"73","10.0975","8"
"74","9.1152","8"
"75","10.125","8"
"76","9.5111","8"
"77","9.753","8"
"78","10.6237","8"
"79","9.5063","8"
"80","9.3016","8"
"81","8.893","8"
"82","9.8612","8"
"83","9.3178","8"
"84","9.6201","8"
"85","10.2271","8"
"86","9.2894","8"
"87","9.9841","8"
"88","10.0881","8"
"89","9.6351","8"
"90","9.1822","8"
"91","10.0243","8"
"92","9.2785","8"
"93","10.0265","8"
"94","11.2629","8"
"95","10.378","8"
"96","10.3757","8"
"97","10.5894","8"
"98","9.591","8"
"99","10.1346","8"
"100","9.0704","8"
"101","9.9769","8"
"102","10.606","8"
"103","9.8234","8"
"104","30.7927","8"
"105","12.2095","8"
"106","10.5556","8"
"107","8.6914","8"
"108","10.2223","8"
"109","9.1645","8"
"110","10.0998","8"
"111","9.2462","8"
"112","10.1746","8"
"113","9.9908","8"
"114","9.2898","8"
"115","9.5202","8"
"116","10.0463","8"
"117","8.795","8"
"118","9.5567","8"
"119","10.0326","8"
"120","11.0517","8"
"121","8.2586","8"
"122","9.339","8"
"123","10.8306","8"
"124","7.4712","8"
"125","9.2687","8"
"126","10.8143","8"
"127","10.6357","8"
"128","10.044","8"
"129","9.5509","8"
"130","9.0866","8"
"131","9.8387","8"
"132","9.2289","8"
"133","10.6673","8"
"134","10.3362","8"
"135","9.0869","8"
"136","10.1111","8"
"137","8.3293","8"
"138","10.3632","8"
"139","8.3222","8"
"140","10.6454","8"
"141","8.5282","8"
"142","10.5307","8"
"143","9.5646","8"
"144","7.7821","8"
"145","9.2576","8"
"146","10.4541","8"
"147","9.5204","8"
"148","10.5728","8"
"149","9.1389","8"
"150","9.2075","8"
"151","8.4848","8"
"152","8.639","8"
"153","9.5112","8"
"154","8.5568","8"
"155","10.3959","8"
"156","9.7587","8"
"157","8.4763","8"
"158","9.9318","8"
"159","8.2642","8"
"160","9.4591","8"
"161","9.6795","8"
"162","10.0554","8"
"163","9.431","8"
"164","9.2801","8"
"165","8.2262","8"
"166","9.0036","8"
"167","9.6106","8"
"168","9.0589","8"
"169","9.1799","8"
"170","8.9948","8"
"171","9.8776","8"
"172","7.8833","8"
"173","9.82","8"
"174","9.0986","8"
"175","8.4001","8"
"176","8.787","8"
"177","10.0465","8"
"178","10.4135","8"
"179","8.0271","8"
"180","8.918","8"
"181","8.5712","8"
"182","9.17","8"
"183","9.3154","8"
"184","11.3907","8"
"185","9.2849","8"
"186","9.4687","8"
"187","9.3635","8"
"188","9.9339","8"
"189","9.8888","8"
"190","10.0263","8"
"191","9.6547","8"
"192","8.1064","8"
"193","8.7809","8"
"194","8.7315","8"
"195","10.0573","8"
"196","11.0111","8"
"197","10.4286","8"
"198","10.09","8"
"199","8.1929","8"
"200","9.2294","8"
"201","9.1322","8"
"202","9.2045","8"
"203","10.0459","8"
"204","9.7682","8"
"205","10.0506","8"
"206","8.3474","8"
"207","10.3544","8"
"208","10.1324","8"
"209","8.7352","8"
"210","9.4653","8"
"211","10.2349","8"
"212","11.182","8"
"213","9.3727","8"
"214","8.3807","8"
"215","9.2176","8"
"216","8.4697","8"
"217","10.9017","8"
"218","9.074","8"
"219","11.291","8"
"220","8.3117","8"
"221","9.3341","8"
"222","9.3164","8"
"223","10.804","8"
"224","9.4848","8"
"225","11.0285","8"
"226","9.222","8"
"227","9.8568","8"
"228","8.2065","8"
"229","11.3735","8"
"230","9.799","8"
"231","9.9733","8"
"232","11.9276","8"
"233","9.5592","8"
"234","9.764","8"
"235","9.9641","8"
"236","9.7547","8"
"237","11.7609","8"
"238","9.8666","8"
"239","9.2448","8"
"240","10.9021","8"
"241","8.5464","8"
"242","11.5531","8"
"243","8.7933","8"
"244","10.2451","8"
"245","11.3577","8"
"246","8.2936","8"
"247","10.2964","8"
"248","9.0676","8"
"249","10.3289","8"
"250","11.0506","8"
"251","9.5906","8"
"252","10.6885","8"
"253","10.5229","8"
"254","8.8563","8"
"255","10.9365","8"
"256","8.5227","8"
"257","10.8394","8"
"258","10.5492","8"
"259","9.9468","8"
"260","10.4699","8"
"261","8.3417","8"
"262","10.7226","8"
"263","9.8396","8"
"264","9.7003","8"
"265","10.6483","8"
"266","10.3735","8"
"267","10.9691","8"
"268","10.3108","8"
"269","8.683","8"
"270","11.5691","8"
"271","9.9529","8"
"272","9.8401","8"
"273","10.5785","8"
"274","9.821","8"
"275","10.1202","8"
"276","8.5493","8"
"277","11.1941","8"
"278","10.1705","8"
"279","9.7474","8"
"280","10.9837","8"
"281","9.3302","8"
"282","10.146","8"
"283","11.3839","8"
"284","8.6699","8"
"285","11.0721","8"
"286","10.1631","8"
"287","9.1687","8"
"288","11.1866","8"
"289","8.2448","8"
"290","11.0504","8"
"291","10.5863","8"
"292","8.9697","8"
"293","11.1386","8"
"294","8.3754","8"
"295","11.1562","8"
"296","10.3038","8"
"297","10.4547","8"
"298","9.8422","8"
"299","9.1855","8"
