"Path","Length","SHA256"
"Engine/Binaries/ThirdParty/DbgHelp/dbghelp.dll","2232688","36795E47D9724EE68349EFBBE64ABA94DB108B9CAD1E3DFE8BC510F359136F53"
"Engine/Binaries/ThirdParty/MsQuic/v220/win64/msquic.dll","2547080","5C6B07BF263DD8B85CB146B59468A22EB1FBD8635D4A6C56A8E41B67CE5ECA2B"
"Engine/Binaries/ThirdParty/NVIDIA/NVaftermath/Win64/GFSDK_Aftermath_Lib.x64.dll","5799016","82D7A3E50710D660927DB2F318CBED471049C962B7C05DE12C2B2B3E40A35AF9"
"Engine/Binaries/ThirdParty/Ogg/Win64/VS2015/libogg_64.dll","59832","F23DF1213C4BF23B5C666BAFA7EC18743847A2E18192AE8E0D096A2FB7C28BF9"
"Engine/Binaries/ThirdParty/Vorbis/Win64/VS2015/libvorbis_64.dll","1724856","A56D43A98E197F5E73A1DADF5C1DC7A07AD40327B199FAA4FF1247ABD6ECCD5B"
"Engine/Binaries/ThirdParty/Vorbis/Win64/VS2015/libvorbisfile_64.dll","48568","D64E67CA918716BE8B6056A6F7A1F6256E910754425DB8369D952943264B40EB"
"Engine/Binaries/ThirdParty/Vulkan/Win64/VkLayer_api_dump.dll","8161680","8C5AF98E2D899D4AEC744C63A8BC99B90124D8FC3BDC120D4C178E1DF3A3E5E8"
"Engine/Binaries/ThirdParty/Vulkan/Win64/VkLayer_api_dump.json","13848","9E55221C225DCE4B5448BAC7DADB7E39FD216F51354DDE02E58F950F4A0DD80B"
"Engine/Binaries/ThirdParty/Vulkan/Win64/VkLayer_crash_diagnostic.dll","2890128","7972FA60E084DC7DA6C8A69AC1645B112F5E98A078FC27A7D3DF469F2DA4F811"
"Engine/Binaries/ThirdParty/Vulkan/Win64/VkLayer_crash_diagnostic.json","23055","578BDE354874789671DEE1A96468C965619C9F3BA16CFA65F850E81A80674087"
"Engine/Binaries/ThirdParty/Vulkan/Win64/VkLayer_gfxreconstruct.dll","8166288","DD72D28450DB1B52BD6C5DC12228741B680940C5FB5EB6B6A0E26F0EE5C3FC3E"
"Engine/Binaries/ThirdParty/Vulkan/Win64/VkLayer_gfxreconstruct.json","28099","71D4E243A2AF74874F4F61378BDFE3753CB01CE5EB9B98400D83612BF882A815"
"Engine/Binaries/ThirdParty/Vulkan/Win64/VkLayer_khronos_profiles.dll","1485200","93227F57DDCA0084E1655A65D2CC915D65B5191F6C645A17C0B36CFA2F714B38"
"Engine/Binaries/ThirdParty/Vulkan/Win64/VkLayer_khronos_profiles.json","66696","6095C28691757E083A8C1BEF3C69CA76A8B5017E21ACAF55D1BC7E82221A0FBE"
"Engine/Binaries/ThirdParty/Vulkan/Win64/VkLayer_khronos_shader_object.dll","415632","EEBD555AAB6DF20B21520564D0EB2341AD0E9CDDE6148EE1C71EF76805C5E7DF"
"Engine/Binaries/ThirdParty/Vulkan/Win64/VkLayer_khronos_shader_object.json","4455","18ECAFC9A65E1B7AF8CD0E36DC936026CDB3AED333C4EA5A7C17D6D9465CFAF4"
"Engine/Binaries/ThirdParty/Vulkan/Win64/VkLayer_khronos_synchronization2.dll","397200","341B6B5EEDBF4B7AEB4439AF85B23974B820B1413DFAF6356911476DF44ED559"
"Engine/Binaries/ThirdParty/Vulkan/Win64/VkLayer_khronos_synchronization2.json","1910","A1E980A24BE9A16A826B00C27D61B85EE0E2E17226DC9C4E8EEC031879E5F26A"
"Engine/Binaries/ThirdParty/Vulkan/Win64/VkLayer_khronos_validation.dll","19509136","EA37BFDA6749684D88A1944AE7103A87D9B38468579F397C3C82EDE1CEAA40D6"
"Engine/Binaries/ThirdParty/Vulkan/Win64/VkLayer_khronos_validation.json","95917","5C464B84457776D92A674DE506F7B7A489294583A7D7609F78FCC52BC4406D09"
"Engine/Binaries/ThirdParty/Windows/WinPixEventRuntime/x64/WinPixEventRuntime.dll","69056","BA40D206C6113AC1A35993A06390C93E55602713A902D7BA7B2F2F0ED13E3D3F"
"Engine/Binaries/ThirdParty/Windows/XAudio2_9/x64/xaudio2_9redist.dll","858152","0CA010ABCABE52493FDB744D79C4C8132AE6756046B68AA7C88BDC03EC1EFFCD"
"Engine/Config/StagedBuild_RTS.ini","3","F1945CD6C19E56B3C1C78943EF5EC18116907A4CA1EFC40A57D48AB1DB7ADFC5"
"Engine/Content/Renderer/TessellationTable.bin","259568","EDC4F3B628A139C5E185BBAECA661C95C1F427368D3B92892C5CFF36C56DD941"
"Engine/Content/Slate/Cursor/invisible.cur","326","FEF3980FA567E9C45D5D8DCAA432A2C1A3F3BB17FE67D7AB198164F56C142AA1"
"Engine/Content/SlateDebug/Fonts/LastResort.tps","930","0F775FA99D05E21D43D2D06D55982B23DCDCCDB512A9A5A07AFF674F212C41B8"
"Engine/Content/SlateDebug/Fonts/LastResort.ttf","5395052","FFF0F8DE0B868B964950FE97C9B60F893E9BC85A4F90B3629C5693DB058B97B9"
"Engine/Extras/GPUDumpViewer/GPUDumpViewer.html","195428","EB599B5171E99D7C2E35732ABF9525BAEB39B9C2AC86619522F307C57CC90384"
"Engine/Extras/GPUDumpViewer/OpenGPUDumpViewer.bat","879","E8F7EF9C88697041BD87902B76E52558979CA866C7450B1DA108A94A027F441B"
"Engine/Extras/GPUDumpViewer/OpenGPUDumpViewer.sh","2165","1B222B5D5AAD6DD9B5B9F0A1C72D38635149540F2C7A368600EC76C1D304390A"
"Engine/Plugins/NNE/NNERuntimeORT/Binaries/ThirdParty/Onnxruntime/Win64/onnxruntime.dll","17339384","5DF3D744B5CC4421181E9E2C97CADFF4E9B1B2B25E80202160E80FC94FF948F2"
"Engine/Saved/Config/Windows/Manifest.ini","25","531BFB7088F544A87FF1268A69A3648DC0648BA49AACA9C3C67D4C4DCF87F088"
"Manifest_DebugFiles_Win64.txt","423","DA89819A998C302295D2BA35AB758BF9BC3EB8213063AE21E8D9802BA14E4C0A"
"Manifest_NonUFSFiles_Win64.txt","2839","393379788F9085A6BCB6DA86A49DAA49430729D920CEBF85F20EFBD1AAA43DA9"
"Manifest_UFSFiles_Win64.txt","307584","4CA02F950BEC4DE9596B3AB6392C89D4FAF30782C729BD0637F18DCEEA73C6B6"
"NOTICES.txt","111","BA49AE5586F817B36A2772269F71F899CB1F54B5F2720FAD951319EDD5E140B8"
"RTS.exe","171520","A26BF79674AA2754677EA1547FC839758DC0E7206FF3012AD03C4BFC8B8CFBE3"
"RTS/Binaries/Win64/D3D12/x64/D3D12Core.dll","4831768","C41711499E13244FD07CA28A9B32ECE29E4454ECC38FB50681F74254B333A9B3"
"RTS/Binaries/Win64/D3D12/x64/d3d12SDKLayers.dll","4943344","E36F1EE4371798892529762368907D19B997493AD6F30AA8ACBFD0132881804F"
"RTS/Binaries/Win64/DML/x64/DirectML.dll","18538488","F97B69379ECBDBAB7E1DCD2B6170E7F285D367C86EE6718BC401C4D7CEF1275C"
"RTS/Binaries/Win64/RTS.exe","337245184","30EAFBCE8A5EA1E2D3FF362511FD5E34061A1FCDA4B7F378DE693C55D981D9C3"
"RTS/Binaries/Win64/RTS.pdb","384438272","73CEE25E20C2BAC83919823ECB1BEE7FC05C405F4DA2ACD7CE9FAF19FDC04F47"
"RTS/Binaries/Win64/tbb12.dll","342456","DE15A5F93BFD334D4FE32343A81D76F9DE0824AF8E31B2189637D12545AF2673"
"RTS/Binaries/Win64/tbbmalloc.dll","117176","74EDC04A8F5BC2593A5A555B675C1251D6D90E693EE6A67CFA11DD3B2D17A856"
"RTS/Content/Paks/global.ucas","3345504","69D4CB90737FFE1571072EF9EE9FB515F2DEB454B7DDC439EFEEC08601DA3687"
"RTS/Content/Paks/global.utoc","818","042EDCC0678ED2F95369722283117662691C317F331DC9678BF9E1E014ECFC61"
"RTS/Content/Paks/RTS-Windows.pak","11508012","8E0BC1CF65417942AC66A7882771FB5D94C17938E9F8610E02E28BDC13F6E138"
"RTS/Content/Paks/RTS-Windows.ucas","294548736","FA33C27EA4170071402BFA511D227F59E7B31A8FCD7342CFA39CF09B7B386C69"
"RTS/Content/Paks/RTS-Windows.utoc","249683","FBBD82EB6319C26B40F60EECCA284C26EC5E6FD0A300D42D4854D019728C075B"
